{
  "assemblyStates": {
    "C2A7241BC8A_preset_L.1Qb8E4PQAJJ1rdAI81XK3jS1": {
      "namespace": "UiPath.IntegrationService.Activities.SWEntities.C2A7241BC8A_preset_List.Bundle",
      "providerName": "CustomEntities",
      "key": {
        "name": "UiPath.IntegrationService.Activities.SWEntities.C2A7241BC8A_preset_List",
        "hash": "V253Sk1BMDN5UGQyOUFoWFBVbFQzYkNtWFlOUXVmUWc1ZEIxVVgxZHNtREdMWVpFQlpBUGFOYVgzT0FFbWU5U2hqWXlSa1kyQ3k4VGVNVWVNRWYxNlE9PQ",
        "assemblyName": "C2A7241BC8A_preset_L.1Qb8E4PQAJJ1rdAI81XK3jS1"
      }
    },
    "C2A7241BC8A_preset_R.Tj1EI4ZLnLN1mUuHZ35Grmk1": {
      "namespace": "UiPath.IntegrationService.Activities.SWEntities.C2A7241BC8A_preset_Retrieve.Bundle",
      "providerName": "CustomEntities",
      "key": {
        "name": "UiPath.IntegrationService.Activities.SWEntities.C2A7241BC8A_preset_Retrieve",
        "hash": "YjFsMjZsdHNPaVBjdzVZdisxVDdONkNFak5GQWhlNDdRU1UxOFUyR01iWHBVWk5vc2ZyN1pkU0E4RlZhQzI0WFRYdnIwQWhzYWxTMUtHUkIxRTNDa3c9PQ",
        "assemblyName": "C2A7241BC8A_preset_R.Tj1EI4ZLnLN1mUuHZ35Grmk1"
      }
    }
  }
}