{
  "ExportedBy": "StudioWeb",
  "BundleHash": null,
  "Version": "1.0.0.0",
  "JitAssemblyCompilerCommands": [
    {
      "ProviderName": "CustomEntities",
      "BundleOptions": {
        "EntitiesBundle": {
          "Types": {
            "userprofile": {
              "Name": "userprofile",
              "Properties": [
                {
                  "Name": "full_name",
                  "Type": {
                    "ClrType": "System.String, System.Private.CoreLib"
                  }
                }
              ],
              "BaseType": null
            },
            "comments_list": {
              "Name": "comments_list",
              "Properties": [
                {
                  "Name": "user_id",
                  "Type": {
                    "ClrType": "System.String, System.Private.CoreLib"
                  }
                },
                {
                  "Name": "comment_text",
                  "Type": {
                    "ClrType": "System.String, System.Private.CoreLib"
                  }
                },
                {
                  "Name": "_id",
                  "Type": {
                    "ClrType": "System.String, System.Private.CoreLib"
                  }
                },
                {
                  "Name": "date_comment",
                  "Type": {
                    "ClrType": "System.Nullable`1[[System.DateTimeOffset, System.Private.CoreLib]], System.Private.CoreLib"
                  },
                  "Attributes": {
                    "Values": [
                      {
                        "Type": {
                          "ClrType": "Newtonsoft.Json.JsonConverterAttribute, Newtonsoft.Json"
                        },
                        "ConstructorArguments": [
                          {
                            "Value": "{\n  \"ClrType\": \"UiPath.IntegrationService.Activities.Runtime.Helpers.DateTimeOffsetMaskDeserializer, UiPath.IntegrationService.Activities.Runtime\"\n}",
                            "Type": {
                              "ClrType": "System.Activities.DesignViewModels.EntityTypeReference, System.Activities.ViewModels"
                            }
                          },
                          {
                            "Value": "\"yyyy-MM-dd HH:mm:ss\"",
                            "Type": {
                              "ClrType": "System.String, System.Private.CoreLib"
                            }
                          }
                        ],
                        "NamedArguments": []
                      }
                    ]
                  }
                },
                {
                  "Name": "userprofile",
                  "Type": {
                    "DefinitionName": "userprofile"
                  }
                }
              ],
              "BaseType": null
            },
            "creator": {
              "Name": "creator",
              "Properties": [
                {
                  "Name": "_id",
                  "Type": {
                    "ClrType": "System.String, System.Private.CoreLib"
                  }
                },
                {
                  "Name": "id",
                  "Type": {
                    "ClrType": "System.String, System.Private.CoreLib"
                  }
                },
                {
                  "Name": "userprofile",
                  "Type": {
                    "DefinitionName": "userprofile"
                  }
                }
              ],
              "BaseType": null
            },
            "preset_List": {
              "Name": "preset_List",
              "Properties": [
                {
                  "Name": "updated_on",
                  "Type": {
                    "ClrType": "System.Nullable`1[[System.DateTimeOffset, System.Private.CoreLib]], System.Private.CoreLib"
                  },
                  "Attributes": {
                    "Values": [
                      {
                        "Type": {
                          "ClrType": "Newtonsoft.Json.JsonConverterAttribute, Newtonsoft.Json"
                        },
                        "ConstructorArguments": [
                          {
                            "Value": "{\n  \"ClrType\": \"UiPath.IntegrationService.Activities.Runtime.Helpers.DateTimeOffsetMaskDeserializer, UiPath.IntegrationService.Activities.Runtime\"\n}",
                            "Type": {
                              "ClrType": "System.Activities.DesignViewModels.EntityTypeReference, System.Activities.ViewModels"
                            }
                          },
                          {
                            "Value": "\"yyyy-MM-dd HH:mm:ss\"",
                            "Type": {
                              "ClrType": "System.String, System.Private.CoreLib"
                            }
                          }
                        ],
                        "NamedArguments": []
                      }
                    ]
                  }
                },
                {
                  "Name": "description",
                  "Type": {
                    "ClrType": "System.String, System.Private.CoreLib"
                  }
                },
                {
                  "Name": "rating_sum",
                  "Type": {
                    "ClrType": "System.Nullable`1[[System.Int64, System.Private.CoreLib]], System.Private.CoreLib"
                  }
                },
                {
                  "Name": "num_comments",
                  "Type": {
                    "ClrType": "System.Nullable`1[[System.Int64, System.Private.CoreLib]], System.Private.CoreLib"
                  }
                },
                {
                  "Name": "active_effects",
                  "Type": {
                    "ClrType": "System.String, System.Private.CoreLib"
                  }
                },
                {
                  "Name": "rating_avg",
                  "Type": {
                    "ClrType": "System.Nullable`1[[System.Int64, System.Private.CoreLib]], System.Private.CoreLib"
                  }
                },
                {
                  "Name": "__v",
                  "Type": {
                    "ClrType": "System.Nullable`1[[System.Int64, System.Private.CoreLib]], System.Private.CoreLib"
                  }
                },
                {
                  "Name": "num_likes",
                  "Type": {
                    "ClrType": "System.Nullable`1[[System.Int64, System.Private.CoreLib]], System.Private.CoreLib"
                  }
                },
                {
                  "Name": "id",
                  "Type": {
                    "ClrType": "System.String, System.Private.CoreLib"
                  }
                },
                {
                  "Name": "num_downloads",
                  "Type": {
                    "ClrType": "System.Nullable`1[[System.Int64, System.Private.CoreLib]], System.Private.CoreLib"
                  }
                },
                {
                  "Name": "preset_for",
                  "Type": {
                    "ClrType": "System.String, System.Private.CoreLib"
                  }
                },
                {
                  "Name": "rating_count",
                  "Type": {
                    "ClrType": "System.Nullable`1[[System.Int64, System.Private.CoreLib]], System.Private.CoreLib"
                  }
                },
                {
                  "Name": "created_on",
                  "Type": {
                    "ClrType": "System.Nullable`1[[System.DateTimeOffset, System.Private.CoreLib]], System.Private.CoreLib"
                  },
                  "Attributes": {
                    "Values": [
                      {
                        "Type": {
                          "ClrType": "Newtonsoft.Json.JsonConverterAttribute, Newtonsoft.Json"
                        },
                        "ConstructorArguments": [
                          {
                            "Value": "{\n  \"ClrType\": \"UiPath.IntegrationService.Activities.Runtime.Helpers.DateTimeOffsetMaskDeserializer, UiPath.IntegrationService.Activities.Runtime\"\n}",
                            "Type": {
                              "ClrType": "System.Activities.DesignViewModels.EntityTypeReference, System.Activities.ViewModels"
                            }
                          },
                          {
                            "Value": "\"yyyy-MM-dd HH:mm:ss\"",
                            "Type": {
                              "ClrType": "System.String, System.Private.CoreLib"
                            }
                          }
                        ],
                        "NamedArguments": []
                      }
                    ]
                  }
                },
                {
                  "Name": "name",
                  "Type": {
                    "ClrType": "System.String, System.Private.CoreLib"
                  }
                },
                {
                  "Name": "creator_id",
                  "Type": {
                    "ClrType": "System.String, System.Private.CoreLib"
                  }
                },
                {
                  "Name": "_id",
                  "Type": {
                    "ClrType": "System.String, System.Private.CoreLib"
                  }
                },
                {
                  "Name": "category",
                  "Type": {
                    "ClrType": "System.String, System.Private.CoreLib"
                  }
                },
                {
                  "Name": "is_featured",
                  "Type": {
                    "ClrType": "System.Nullable`1[[System.Boolean, System.Private.CoreLib]], System.Private.CoreLib"
                  }
                },
                {
                  "Name": "status",
                  "Type": {
                    "ClrType": "System.Nullable`1[[System.Int64, System.Private.CoreLib]], System.Private.CoreLib"
                  }
                },
                {
                  "Name": "comments_list",
                  "Type": {
                    "DefinitionName": "comments_list"
                  },
                  "IsCollection": true
                },
                {
                  "Name": "creator",
                  "Type": {
                    "DefinitionName": "creator"
                  }
                }
              ],
              "BaseType": null
            }
          },
          "Version": 1
        },
        "Hash": "WnwJMA03yPd29AhXPUlT3bCmXYNQufQg5dB1UX1dsmDGLYZEBZAPaNaX3OAEme9ShjYyRkY2Cy8TeMUeMEf16Q==",
        "BundleName": "C2A7241BC8A_preset_List"
      },
      "EntityAssemblyKey": {
        "Name": "UiPath.IntegrationService.Activities.SWEntities.C2A7241BC8A_preset_List",
        "Hash": "V253Sk1BMDN5UGQyOUFoWFBVbFQzYkNtWFlOUXVmUWc1ZEIxVVgxZHNtREdMWVpFQlpBUGFOYVgzT0FFbWU5U2hqWXlSa1kyQ3k4VGVNVWVNRWYxNlE9PQ",
        "AssemblyName": "C2A7241BC8A_preset_L.1Qb8E4PQAJJ1rdAI81XK3jS1"
      }
    },
    {
      "ProviderName": "CustomEntities",
      "BundleOptions": {
        "EntitiesBundle": {
          "Types": {
            "preset_meta": {
              "Name": "preset_meta",
              "Properties": [
                {
                  "Name": "dspId",
                  "Type": {
                    "ClrType": "System.String, System.Private.CoreLib"
                  },
                  "IsCollection": true
                }
              ],
              "BaseType": null
            },
            "userprofile": {
              "Name": "userprofile",
              "Properties": [
                {
                  "Name": "_id",
                  "Type": {
                    "ClrType": "System.String, System.Private.CoreLib"
                  }
                },
                {
                  "Name": "full_name",
                  "Type": {
                    "ClrType": "System.String, System.Private.CoreLib"
                  }
                }
              ],
              "BaseType": null
            },
            "creator": {
              "Name": "creator",
              "Properties": [
                {
                  "Name": "_id",
                  "Type": {
                    "ClrType": "System.String, System.Private.CoreLib"
                  }
                },
                {
                  "Name": "id",
                  "Type": {
                    "ClrType": "System.String, System.Private.CoreLib"
                  }
                },
                {
                  "Name": "userprofile",
                  "Type": {
                    "DefinitionName": "userprofile"
                  }
                }
              ],
              "BaseType": null
            },
            "preset_Retrieve": {
              "Name": "preset_Retrieve",
              "Properties": [
                {
                  "Name": "updated_on",
                  "Type": {
                    "ClrType": "System.Nullable`1[[System.DateTimeOffset, System.Private.CoreLib]], System.Private.CoreLib"
                  },
                  "Attributes": {
                    "Values": [
                      {
                        "Type": {
                          "ClrType": "Newtonsoft.Json.JsonConverterAttribute, Newtonsoft.Json"
                        },
                        "ConstructorArguments": [
                          {
                            "Value": "{\n  \"ClrType\": \"UiPath.IntegrationService.Activities.Runtime.Helpers.DateTimeOffsetMaskDeserializer, UiPath.IntegrationService.Activities.Runtime\"\n}",
                            "Type": {
                              "ClrType": "System.Activities.DesignViewModels.EntityTypeReference, System.Activities.ViewModels"
                            }
                          },
                          {
                            "Value": "\"yyyy-MM-dd HH:mm:ss\"",
                            "Type": {
                              "ClrType": "System.String, System.Private.CoreLib"
                            }
                          }
                        ],
                        "NamedArguments": []
                      }
                    ]
                  }
                },
                {
                  "Name": "thumb_url",
                  "Type": {
                    "ClrType": "System.String, System.Private.CoreLib"
                  }
                },
                {
                  "Name": "description",
                  "Type": {
                    "ClrType": "System.String, System.Private.CoreLib"
                  }
                },
                {
                  "Name": "preset_version",
                  "Type": {
                    "ClrType": "System.String, System.Private.CoreLib"
                  }
                },
                {
                  "Name": "rating_sum",
                  "Type": {
                    "ClrType": "System.Nullable`1[[System.Int64, System.Private.CoreLib]], System.Private.CoreLib"
                  }
                },
                {
                  "Name": "preset_data",
                  "Type": {
                    "ClrType": "System.String, System.Private.CoreLib"
                  }
                },
                {
                  "Name": "num_comments",
                  "Type": {
                    "ClrType": "System.Nullable`1[[System.Int64, System.Private.CoreLib]], System.Private.CoreLib"
                  }
                },
                {
                  "Name": "active_effects",
                  "Type": {
                    "ClrType": "System.String, System.Private.CoreLib"
                  }
                },
                {
                  "Name": "rating_avg",
                  "Type": {
                    "ClrType": "System.Nullable`1[[System.Int64, System.Private.CoreLib]], System.Private.CoreLib"
                  }
                },
                {
                  "Name": "__v",
                  "Type": {
                    "ClrType": "System.Nullable`1[[System.Int64, System.Private.CoreLib]], System.Private.CoreLib"
                  }
                },
                {
                  "Name": "num_likes",
                  "Type": {
                    "ClrType": "System.Nullable`1[[System.Int64, System.Private.CoreLib]], System.Private.CoreLib"
                  }
                },
                {
                  "Name": "id",
                  "Type": {
                    "ClrType": "System.String, System.Private.CoreLib"
                  }
                },
                {
                  "Name": "image_url",
                  "Type": {
                    "ClrType": "System.String, System.Private.CoreLib"
                  }
                },
                {
                  "Name": "num_downloads",
                  "Type": {
                    "ClrType": "System.Nullable`1[[System.Int64, System.Private.CoreLib]], System.Private.CoreLib"
                  }
                },
                {
                  "Name": "preset_for",
                  "Type": {
                    "ClrType": "System.String, System.Private.CoreLib"
                  }
                },
                {
                  "Name": "rating_count",
                  "Type": {
                    "ClrType": "System.Nullable`1[[System.Int64, System.Private.CoreLib]], System.Private.CoreLib"
                  }
                },
                {
                  "Name": "created_on",
                  "Type": {
                    "ClrType": "System.Nullable`1[[System.DateTimeOffset, System.Private.CoreLib]], System.Private.CoreLib"
                  },
                  "Attributes": {
                    "Values": [
                      {
                        "Type": {
                          "ClrType": "Newtonsoft.Json.JsonConverterAttribute, Newtonsoft.Json"
                        },
                        "ConstructorArguments": [
                          {
                            "Value": "{\n  \"ClrType\": \"UiPath.IntegrationService.Activities.Runtime.Helpers.DateTimeOffsetMaskDeserializer, UiPath.IntegrationService.Activities.Runtime\"\n}",
                            "Type": {
                              "ClrType": "System.Activities.DesignViewModels.EntityTypeReference, System.Activities.ViewModels"
                            }
                          },
                          {
                            "Value": "\"yyyy-MM-dd HH:mm:ss\"",
                            "Type": {
                              "ClrType": "System.String, System.Private.CoreLib"
                            }
                          }
                        ],
                        "NamedArguments": []
                      }
                    ]
                  }
                },
                {
                  "Name": "name",
                  "Type": {
                    "ClrType": "System.String, System.Private.CoreLib"
                  }
                },
                {
                  "Name": "creator_id",
                  "Type": {
                    "ClrType": "System.String, System.Private.CoreLib"
                  }
                },
                {
                  "Name": "_id",
                  "Type": {
                    "ClrType": "System.String, System.Private.CoreLib"
                  }
                },
                {
                  "Name": "category",
                  "Type": {
                    "ClrType": "System.String, System.Private.CoreLib"
                  }
                },
                {
                  "Name": "is_featured",
                  "Type": {
                    "ClrType": "System.Nullable`1[[System.Boolean, System.Private.CoreLib]], System.Private.CoreLib"
                  }
                },
                {
                  "Name": "status",
                  "Type": {
                    "ClrType": "System.Nullable`1[[System.Int64, System.Private.CoreLib]], System.Private.CoreLib"
                  }
                },
                {
                  "Name": "preset_meta",
                  "Type": {
                    "DefinitionName": "preset_meta"
                  }
                },
                {
                  "Name": "creator",
                  "Type": {
                    "DefinitionName": "creator"
                  }
                }
              ],
              "BaseType": null
            }
          },
          "Version": 1
        },
        "Hash": "b1l26ltsOiPcw5Yv+1T7N6CEjNFAhe47QSU18U2GMbXpUZNosfr7ZdSA8FVaC24XTXvr0AhsalS1KGRB1E3Ckw==",
        "BundleName": "C2A7241BC8A_preset_Retrieve"
      },
      "EntityAssemblyKey": {
        "Name": "UiPath.IntegrationService.Activities.SWEntities.C2A7241BC8A_preset_Retrieve",
        "Hash": "YjFsMjZsdHNPaVBjdzVZdisxVDdONkNFak5GQWhlNDdRU1UxOFUyR01iWHBVWk5vc2ZyN1pkU0E4RlZhQzI0WFRYdnIwQWhzYWxTMUtHUkIxRTNDa3c9PQ",
        "AssemblyName": "C2A7241BC8A_preset_R.Tj1EI4ZLnLN1mUuHZ35Grmk1"
      }
    }
  ]
}